{"initial_reset_timestamp": 1639012491.414565, "timestamps": [1639012496.8126225, 1639012502.244233, 1639012502.3622265, 1639012502.4689336, 1639012502.5764818, 1639012502.684516, 1639012502.7901793, 1639012502.896721, 1639012509.639532, 1639012509.7567744, 1639012509.861481, 1639012509.9665961, 1639012510.0686378, 1639012510.1734629, 1639012510.2783124, 1639012510.3825853, 1639012510.4885404, 1639012510.5920503, 1639012510.6947253, 1639012510.7972581, 1639012510.902149, 1639012511.0064163, 1639012511.1112227, 1639012511.220038, 1639012511.3234959, 1639012511.4300601, 1639012511.539282, 1639012518.4702706, 1639012518.5871122, 1639012518.6905122, 1639012518.794576, 1639012518.9009314], "episode_lengths": [1000, 1000, 1000, 1000, 1000, 1000, 1000, 1000, 1000, 1000, 1000, 1000, 1000, 1000, 1000, 1000, 1000, 1000, 1000, 1000, 1000, 1000, 1000, 1000, 1000, 1000, 1000, 1000, 1000, 1000, 1000, 1000], "episode_rewards": [1.8969633872675455, -15.794134249873574, -18.56392536763831, -0.12113172352967796, 10.698898623602284, 12.993389453519988, -1.878296375333844, -53.784183301487595, -76.21673486960718, -0.6332813188938581, -0.0770226142679378, -1.5971606114390131, 162.04088782932902, -89.54581631793525, -1.0701664934439834, -1.197861836160456, -0.013204983073219725, -0.6858139036493903, -2.7632128920349346, 4.251121150646054, -2.6426188788393294, -0.614179240251991, 61.287682253820364, -182.59861264448975, 0.29003246675340777, -3.6759140230730565, -34.675281386689186, -2.150051232931101, -1.322858546403165, -1.88541184887501, -18.339146391519403, -0.3601796481886158], "episode_types": ["t", "t", "t", "t", "t", "t", "t", "t", "t", "t", "t", "t", "t", "t", "t", "t", "t", "t", "t", "t", "t", "t", "t", "t", "t", "t", "t", "t", "t", "t", "t", "t", "t"]}